{"cameraMode":{"drawMode":0,"name":"Shaded","section":"Shading Mode"},"sceneLighting":true,"audioPlay":false,"sceneViewState":{"m_AlwaysRefresh":false,"showFog":true,"showSkybox":true,"showFlares":true,"showImageEffects":true,"showParticleSystems":true,"showVisualEffectGraphs":true,"m_FxEnabled":true},"in2DMode":false,"pivot":{"x":-25.505435943603517,"y":-8.322973251342774,"z":-36.24610137939453},"rotation":{"x":0.14001457393169404,"y":0.18799777328968049,"z":-0.027087466791272165,"w":0.9717616438865662},"size":33.917057037353519,"orthographic":true}